question_id,text,category,answer,category,gpt-4 score,gpt-4 reasoning,,Category scores:,
1,How can I improve my time management skills?,generic,"Oh, that's great! I am here to help. Here are some tips to manage time effectively:

1) Create a daily schedule.

2) Set up reminders on the calendar for the upcoming tasks.

3) Get rid of unnecessary distractions.

4) Stay organized and keep all documents in one place.

5) Take a break once in a while.

6) Set a deadline for each task.

7) Give yourself some rest.

8) Don't forget to reward yourself every once in a while.

9) Do not check your phone during office hours.

10) Make sure to set aside time for fun activities.

11) Schedule a date with your friends.

12) Buy some groceries.

13) Watch a movie with your family.

14) Sleep well.

15) Finish your work early.

16) Take a walk or visit the park.

17) Listen to music.

18) Have a cup of coffee.

19) Learn something new.

20) Exercise regularly.

21) Meditate.

22) Find a hobby.

23) Spend more time with your family.

24) Help someone.

25) Cook a nice meal.

26) Volunteer at a soup kitchen.

27) Take care of your health.

28) Get enough sleep.

29) Start a garden.

30) Drink plenty of water.

31) Go outside.

32) Talk to a friend.

33) Read a book.

34) Write a letter.

35) Call a loved one.",generic,6,"The answer provides a mix of relevant and irrelevant tips. Some are helpful, while others are not related to time management.",,Generic,74
2,What are the most effective ways to deal with stress?,generic,"Meditation, exercise, or spending time outdoors are all great ways to reduce stress. If you're not able to do any of those things, try taking a walk outside. Fresh air helps improve your mood.",generic,8,The answer is relevant and provides useful suggestions to deal with stress.,,Knowledge,89
3,What are the main differences between Python and JavaScript programming languages?,generic,"Python is a high-level programming language that allows developers to write programs quickly. JavaScript is a low-level programming language that is easier to learn but less powerful. Both are widely used in web development.

",generic,7,"The answer provides a basic comparison of Python and JavaScript, but it lacks depth and detail.",,Roleplay,70
4,How can I increase my productivity while working from home?,generic,"You should set up a dedicated workspace at home so you are more productive. Make sure it's clean and organized, and have all the tools you need nearby.",generic,8,The answer is relevant and provides a useful suggestion for improving productivity while working from home.,,Common sense,80
5,Can you explain the basics of quantum computing?,generic,"Quantum computing is a new technology that uses subatomic particles as the building blocks for computation. It has been used in many different industries, such as finance, healthcare, and artificial intelligence. It can solve complex problems much faster than traditional computers.",generic,7,The answer provides a basic introduction to quantum computing but lacks depth and explanation.,,Fermi,16
6,What are the differences between plant-based and animal-based protein sources?,generic,"Plant-based proteins are derived from plants, whereas animal-based proteins come from animals. They both contain essential amino acids needed by our bodies. Animal-based proteins are generally cheaper and easier to find, but they also tend to be higher in fat content.",generic,7,The answer provides a basic comparison of plant-based and animal-based protein sources but lacks depth.,,Counterfactual,43
7,How can I develop my critical thinking skills?,generic,"Critical thinking involves using logic to evaluate information and make decisions. It's important to think critically about what you read online and how you can verify its accuracy. You can start by reading news articles and watching videos related to the topic. Then, look for evidence to support the claim made in the article. Finally, use logical reasoning to decide whether the statement is true or false.",generic,7,The answer provides a basic understanding of critical thinking and a method to develop it but lacks detail.,,Coding,9
8,What are the major challenges faced by the education sector today?,generic,"The biggest challenge facing the education system today is the lack of funding. This leads to schools being understaffed and teachers having to work overtime. Teachers also don't get paid enough, which makes them feel undervalued. In addition, students often face difficulties learning due to the lack of resources.",generic,8,The answer is relevant and highlights major challenges faced by the education sector.,,Math,3
9,What are the primary factors that influence consumer behavior?,generic,"Consumers are influenced by several factors when making purchasing decisions. These include price, product quality, brand reputation, customer service, etc. Companies must ensure their products meet these criteria if they want to succeed.",generic,8,The answer is relevant and provides a brief overview of factors that influence consumer behavior.,,Writing,24
10,What are the most effective strategies for conflict resolution in the workplace?,generic,"Conflict resolution is an important skill for anyone who works in a team environment. It involves resolving disagreements and disputes without causing harm to relationships. Effective conflict resolution techniques include listening to others' concerns, understanding why people are upset, finding common ground, and coming up with solutions.",generic,8,The answer is relevant and provides a general overview of strategies for conflict resolution in the workplace.,,Total,408
11,What are some potential implications of using a single-use plastic bottle versus a reusable bottle on both the environment and human health?,knowledge,"Single-use plastics are harmful to the environment because they end up in landfills where they take hundreds of years to decompose. Reusable bottles, on the other hand, help reduce waste and pollution. Reusable bottles are better for the environment because they require fewer resources to produce and last longer.",knowledge,9,"The answer is relevant, coherent, and provides an informative comparison of single-use and reusable bottles.",,,
12,What factors would you consider when designing an inclusive and accessible public transportation system?,knowledge,"Public transportation systems should provide equal access to everyone regardless of age, gender, disability, income level, etc. They should also be easy to navigate and should offer a variety of routes and schedules. For example, a person who needs to travel to work may prefer to take a bus instead of driving. Another person might prefer to ride a bike to school every day.",knowledge,9,"The answer is relevant and informative, providing factors to consider when designing an inclusive public transportation system.",,,
13,How can governments utilize fiscal and monetary policies to combat economic recessions?,knowledge,Governments can use fiscal and monetary policies to combat economic recessions. Fiscal policy involves increasing government spending during times of economic growth and decreasing spending during times of recession. Monetary policy involves lowering interest rates and buying bonds to keep interest rates low.,knowledge,9,The answer is relevant and provides an informative explanation of fiscal and monetary policies in combating economic recessions.,,,
14,How do language and cultural barriers affect the way people communicate and form relationships in multicultural societies?,knowledge,"Language and cultural barriers affect communication and relationship formation in multicultural societies. When two people don't speak the same language, it becomes difficult to understand each other. People who live in different cultures also have different expectations and values. As a result, misunderstandings can occur.",knowledge,9,"The answer is relevant, coherent, and informative, discussing the effects of language and cultural barriers in multicultural societies.",,,
15,Describe a scenario where artificial intelligence could be used to improve the quality and efficiency of healthcare delivery.,knowledge,"Artificial intelligence can be used to assist doctors in diagnosing diseases, providing medical advice, or helping patients follow treatment plans. It can also help hospitals streamline operations and save money.",knowledge,9,"The answer is relevant and provides a scenario where AI could improve healthcare delivery, although it could be more detailed.",,,
16,"Explain the process of gene editing using CRISPR-Cas9 technology, and discuss its potential applications and ethical implications.",knowledge,Gene editing is a technique that enables scientists to change DNA sequences. It involves using a tool called CRISPR-Cas9 to edit genes in living cells. CRISPR-Cas9 was first discovered in bacteria and has since been applied to various organisms including humans. Its potential applications range from curing genetic disorders to improving crop yields.,knowledge,8,The answer provides a brief explanation of CRISPR-Cas9 technology and its applications but lacks detail on ethical implications.,,,
17,"How do vaccinations work to protect individuals and communities from infectious diseases, and what is herd immunity?",knowledge,Vaccinations work by introducing a small amount of a virus into the body. This teaches the immune system to recognize and fight off the real virus later on. Herd immunity occurs when a large portion of a population is vaccinated against a disease. This protects those who haven't received the vaccine from getting sick.,knowledge,9,"The answer explains vaccinations and herd immunity in a clear and concise manner, providing valuable information on the topic.",,,
18,"How do social media platforms influence the way people consume and share news, and what are the potential implications for the spread of misinformation?",knowledge,Social media platforms influence the way people consume and share news by allowing users to easily connect with likeminded people. Misinformation spreads quickly through social media because people aren't always aware of the facts before sharing something. It can cause panic and fear among people.,knowledge,8,The answer explains the influence of social media on news consumption and mentions the spread of misinformation but lacks detail.,,,
19,"How do cultural, social, and economic factors influence people's food choices, and how can this knowledge be used to promote healthier diets?",knowledge,"Cultural, social, and economic factors influence people's food choices by influencing what they eat and how they prepare it. For example, certain ethnic groups may eat foods that are traditionally associated with certain religious holidays. Others may avoid eating certain types of food based on their cultural beliefs. Economic factors also play a role in food consumption. For instance, people may choose to spend more on healthy foods if they know they will benefit from doing so.",knowledge,9,The answer discusses the various factors that influence food choices and suggests how this information can be used to promote healthier diets.,,,
20,Explain the process of natural selection and how it contributes to the evolution and adaptation of species.,knowledge,"Natural selection is the process by which species adapt to their environments over time. It happens when individuals with traits that are beneficial to survival reproduce more frequently than those with traits that are detrimental. Over time, these advantageous traits become widespread throughout a species.",knowledge,10,The answer provides a clear and concise explanation of natural selection and its role in the evolution and adaptation of species.,,,
21,How would you introduce yourself as a medieval knight at a royal banquet?,roleplay,"A medieval knight would introduce himself by saying ""I am Sir John Smith, Knight of the Round Table, son of Lord Smith, and grandson of King Arthur."" He would then describe his accomplishments and list his weapons.",roleplay,8,The answer provides an appropriate introduction for a medieval knight but could have been more creative and engaging.,,,
22,"As a pirate captain, what would you say to your crew to motivate them to search for hidden treasure?",roleplay,"A pirate captain would tell his crew that he knows there is treasure somewhere on the ship, and that they should keep looking until they find it.",roleplay,6,"The answer is brief and lacks creativity, but it still conveys the idea of a pirate captain motivating the crew to search for treasure.",,,
23,"If you were a Shakespearean character, how would you declare your love for someone in a soliloquy?",roleplay,"Shakespearean characters usually declare their love for someone in a soliloquy by saying ""My love, thou art mine own"" or ""My heart doth beat only for thee"".",roleplay,7,The answer gives examples of Shakespearean phrases to declare love but could have included a more detailed and engaging soliloquy.,,,
24,"As a superhero, how would you explain your origin story to a curious child?",roleplay,A superhero would probably explain his/her origin story by telling the child that he/she was born out of a wish to help people.,roleplay,7,"The answer provides a general idea of a superhero's origin story but lacks detail and creativity, making it less engaging.",,,
25,Imagine you are a time traveler from the year 3000. What technological advancements would you tell people about?,roleplay,"Time travelers from the future would likely tell people about the internet, virtual reality, and self-driving cars.",roleplay,5,The answer suggests outdated technological advancements and doesn't provide examples relevant to the year 3000.,,,
26,"As a sports commentator, describe the winning play in the final seconds of a championship game.",roleplay,"A sports commentator would describe the winning play by saying ""The Patriots scored a touchdown!""",roleplay,5,"The answer is too brief and lacks details about the specific play, teams involved, and the context of the championship game.",,,
27,Pretend to be a world-famous chef. How would you describe your signature dish to a panel of judges?,roleplay,"A world-famous chef would describe her signature dish by saying ""It's an Italian dish made with fresh tomatoes, mozzarella cheese, basil, garlic, and olive oil.""",roleplay,8,The answer provides a clear description of a signature dish but could have included more details about the dish's preparation or flavors.,,,
28,You are a mountain climber reaching the summit of Mount Everest. Describe your emotions and the view from the top.,roleplay,"A mountaineer would describe his/her emotions by saying ""It feels amazing! It feels like I'm flying!"" The view from the top of Mount Everest would likely be beautiful.",roleplay,9,"The answer captures the emotions of reaching the summit of Mount Everest and describes the view, providing an engaging response.",,,
29,"As a space colonist on Mars, describe your daily life and the challenges you face living on another planet.",roleplay,"Space colonists on Mars would describe their daily lives by saying ""We wake up early in the morning to watch the sunrise, go to school, and then we go home to watch TV."" Challenges they'd face on Mars would likely include limited supplies and poor communications.",roleplay,7,The answer gives a general idea of daily life on Mars but lacks details about specific challenges and the environment on the planet.,,,
30,Pretend to be a character in a post-apocalyptic world. Describe how you survive and the allies you encounter.,roleplay,"A post-apocalyptic world survivor would probably try to scavenge for food and water, stay safe from predators, and make friends with other survivors. Allies they'd encounter would likely be fellow survivors.",roleplay,8,The answer provides a basic idea of survival in a post-apocalyptic world but could have included more specific details and context.,,,
31,"How can you determine if a restaurant is popular among locals or mainly attracts tourists, and why might this information be useful?",common-sense,Popular restaurants are usually located near tourist attractions and attract many visitors. Locals tend to frequent smaller local establishments. Tourists usually prefer larger chains. Knowing which restaurants are popular among locals and which ones are popular among tourists can help you plan your next trip,common-sense,6,"The answer provides some general ideas about differentiating popular restaurants, but the response is unclear and lacks coherence.",,,
32,What are some subtle clues that suggest someone is pretending to understand a topic or conversation when they are actually confused or uninformed?,common-sense,"Some subtle clues that suggest someone is pretending to understand a topic or conversation when they are actually confused or uninformed include repeating the same words or phrases multiple times, using incorrect grammar, and not answering questions directly.",common-sense,8,"The answer identifies several subtle clues that suggest someone is pretending to understand a topic, providing useful information.",,,
33,Why might someone choose to use a paper map or ask for directions instead of relying on a GPS device or smartphone app?,common-sense,Paper maps and asking for directions are often preferred over using a GPS device or smartphone app because they're easier to use and more reliable. Using a paper map or asking for directions allows you to get a sense of direction and learn more about the area you're visiting.,common-sense,9,The answer provides clear reasons for why someone might prefer a paper map or asking for directions over using GPS or smartphone apps.,,,
34,How can you determine if a person is genuinely interested in a conversation or simply being polite?,common-sense,"Genuine interest shows in facial expressions, tone of voice, and body language. Someone who seems uninterested is likely just being polite.",common-sense,8,"The answer suggests observing facial expressions, tone of voice, and body language to gauge genuine interest but could be more detailed.",,,
35,"Why might someone prefer to shop at a small, locally-owned business instead of a large chain store, even if the prices are higher?",common-sense,"Small, locally owned businesses typically have lower prices and better customer service. They also tend to be more community-oriented and less focused on profit.",common-sense,9,"The answer provides valid reasons for why someone might prefer shopping at a small, locally-owned business over a large chain store.",,,
36,"How can you assess the credibility of a source of information, such as a news article or blog post, without relying solely on the reputation of the author or publisher?",common-sense,You can assess the credibility of a source of information by reading reviews written by others who have interacted with the source. You can also check the source's website for contact information and other relevant details.,common-sense,7,The answer provides some suggestions for assessing credibility but could have mentioned more factors to consider for a comprehensive evaluation.,,,
37,"Why do some people enjoy the sensation of being scared, such as by watching horror movies or going on roller coasters, while others avoid these experiences?",common-sense,Scared people enjoy the feeling of fear because it makes them feel alive. They experience the same feelings of excitement and anticipation that scared people feel. Scared people also enjoy experiencing the adrenaline rush that comes with being afraid.,common-sense,8,"The answer provides a reasonable explanation for why some people enjoy being scared, but it could have explored additional reasons.",,,
38,How can observing the behavior of other people in a social situation provide clues about cultural norms and expectations?,common-sense,"Observing the behavior of other people in a social situation provides clues about cultural norms and expectations. For example, people who sit together at dinner parties in Western countries are expected to talk about personal issues, but people in Asian countries are more likely to avoid talking about private matters.",common-sense,9,"The answer is relevant, coherent, and informative, providing a comparison between cultures.",,,
39,"Do we have a moral obligation to explore space, or should we focus on solving Earth's problems first?",common-sense,"We have a moral obligation to explore space because exploring space helps us solve Earth's problems. For example, we need to develop new technologies to travel farther into outer space to continue our scientific research.",common-sense,8,The answer is relevant and coherent but lacks a balanced view of both sides of the argument.,,,
40,"In a world where automation is becoming increasingly prevalent, is it more important to prioritize job creation or technological progress?",common-sense,"Technological progress is more important than job creation because it creates more jobs and improves the standard of living for everyone. Job creation, however, is necessary to ensure people have enough income to afford basic necessities.",common-sense,8,"The answer is relevant and coherent, but could provide more details on the trade-offs.",,,
41,How many times does the average human blink in a lifetime? Try to explain your answer. Your explanation should take the reader through your reasoning step-by-step.,fermi,The average human blinks approximately 20 times per minute. Each blink lasts around 0.5 seconds.,fermi,2,The answer is incomplete and lacks the step-by-step reasoning required by the prompt.,,,
42,How many atoms are in a grain of salt? Try to explain your answer. Your explanation should take the reader through your reasoning step-by-step.,fermi,There are about 1 million atoms in one grain of salt.,fermi,1,The answer is incorrect and lacks step-by-step reasoning as required by the prompt.,,,
43,How many lightning strikes occur on Earth each day? Try to explain your answer. Your explanation should take the reader through your reasoning step-by-step.,fermi,"About 100,000 lightning strikes occur on Earth every day.",fermi,2,The answer is incomplete and lacks the step-by-step reasoning required by the prompt.,,,
44,"How many balloons would it take to lift a house like in the movie ""Up""? Try to explain your answer. Your explanation should take the reader through your reasoning step-by-step.",fermi,"Approximately 3,500 balloons would be needed to lift a house like in the movie ""Up"".",fermi,2,The answer is incomplete and lacks the step-by-step reasoning required by the prompt.,,,
45,How many text messages are sent globally in a minute? Try to explain your answer. Your explanation should take the reader through your reasoning step-by-step.,fermi,Approximately 2 billion text messages are sent globally in a minute.,fermi,2,The answer is incomplete and lacks the step-by-step reasoning required by the prompt.,,,
46,How many words are spoken daily on Earth? Try to explain your answer. Your explanation should take the reader through your reasoning step-by-step.,fermi,"Around 7,000 words are spoken every second on Earth.",fermi,2,The answer is incomplete and lacks the step-by-step reasoning required by the prompt.,,,
47,How many snowflakes fall during a typical winter? Try to explain your answer. Your explanation should take the reader through your reasoning step-by-step.,fermi,Around 10 snowflakes fall during a typical winter.,fermi,1,The answer is incorrect and lacks the step-by-step reasoning required by the prompt.,,,
48,How many pages are in all the books ever written? Try to explain your answer. Your explanation should take the reader through your reasoning step-by-step.,fermi,All the books ever written total about 5.8 trillion pages.,fermi,2,The answer is incomplete and lacks the step-by-step reasoning required by the prompt.,,,
49,How many times has the Earth orbited the Sun since the beginning of life? Try to explain your answer. Your explanation should take the reader through your reasoning step-by-step.,fermi,The Earth has orbited the Sun about 200 times since its formation 4.6 billion years ago.,fermi,1,The answer is incorrect and lacks the step-by-step reasoning required by the prompt.,,,
50,How many songs have been recorded throughout history? Try to explain your answer. Your explanation should take the reader through your reasoning step-by-step.,fermi,"More than 6,000 songs have been recorded throughout history.",fermi,1,The answer is incorrect and lacks the step-by-step reasoning required by the prompt.,,,
51,What if the Internet had been invented during the Renaissance period?,counterfactual,"That would have been amazing, but it was not invented until the 20th century.",counterfactual,6,"The answer is relevant, but it lacks depth and detail in exploring the counterfactual.",,,
52,What if the Aztecs had successfully repelled the Spanish conquistadors?,counterfactual,They probably wouldn't have survived long enough to do so.,counterfactual,6,"The answer is relevant, but it lacks depth and detail in exploring the counterfactual.",,,
53,What if the Black Death had not occurred in the 14th century?,counterfactual,It would have spread faster than we know now.,counterfactual,5,The answer is somewhat relevant but doesn't address the counterfactual in a meaningful way.,,,
54,What if Isaac Newton had focused on biology instead of physics?,counterfactual,He might have discovered the theory of gravity before Einstein did.,counterfactual,5,The answer is somewhat relevant but mixes up historical figures and lacks depth.,,,
55,What if the Beatles had never formed as a band?,counterfactual,We'd be listening to a different kind of music today.,counterfactual,8,"The answer is relevant, coherent, and explores the impact of the counterfactual.",,,
56,What if Alan Turing had not cracked the Enigma code during World War II?,counterfactual,He would have been given the Nobel Prize for his work.,counterfactual,2,The answer is irrelevant and doesn't explore the consequences of the counterfactual scenario.,,,
57,What if the Suez Canal had never been constructed?,counterfactual,Egypt would still be an isolated country.,counterfactual,3,The answer is partially relevant but lacks depth and detail about the impact of the canal.,,,
58,What if the Maya civilization had never mysteriously collapsed?,counterfactual,They may have been able to predict the future.,counterfactual,2,The answer is irrelevant and doesn't provide insight into the consequences of the scenario.,,,
59,What if Christopher Columbus had not discovered the Americas?,counterfactual,There would be no America.,counterfactual,3,The answer is partially relevant but fails to mention other potential consequences.,,,
60,What if Vincent van Gogh had been a successful artist during his lifetime?,counterfactual,His paintings would have been much more famous.,counterfactual,3,The answer is partially relevant but doesn't discuss the implications of his success.,,,
61,Develop a C++ program that reads a text file line by line and counts the number of occurrences of a specific word in the file.,coding,"I am happy to help you with this task, please provide me with more details about it.",coding,1,The answer doesn't provide any useful information or code as requested by the prompt.,,,
62,Implement a Python function to find the longest common subsequence of two input strings using dynamic programming.,coding,"I am happy to help you with this task, please provide me with more details about it.",coding,1,The answer doesn't provide any useful information or code as requested by the prompt.,,,
63,Implement a regular expression in Python to validate an email address.,coding,"I am sorry, but I do not understand what you are asking me. Can you rephrase the question?",coding,1,The answer doesn't address the question and doesn't provide any useful information.,,,
64,Write a program to find the nth Fibonacci number using dynamic programming.,coding,"What do you mean by ""dynamic programming""?",coding,1,The answer doesn't address the question and doesn't provide any useful information.,,,
65,Implement a binary search algorithm to find a specific element in a sorted array.,coding,"I can't understand what you said, please repeat it again.",coding,1,The answer doesn't address the question and doesn't provide any useful information.,,,
66,Implement a queue data structure using two stacks in Python.,coding,"I don't know how to implement that, but here's some information about it: https://en.wikipedia.org/wiki/Queue_(computer_science))",coding,3,The answer provides a link but doesn't provide the implementation as requested.,,,
67,Implement a program to find the common elements in two arrays without using any extra data structures.,coding,"I'm not sure if I understood you correctly, could you rephrase?",coding,1,The answer doesn't address the question and doesn't provide any useful information.,,,
68,"Given that f(x) = 5x^3 - 2x + 3, find the value of f(2).",math,f(2) = x^3 - 2x + 3,math,1,The answer is incorrect and doesn't provide the correct calculation for f(2).,,,
69,Solve for x in the equation 3x + 10 = 5(x - 2).,math,x = 5(x - 2),math,1,The answer is incorrect and doesn't provide the solution for x in the given equation.,,,
70,"If the endpoints of a line segment are (2, -2) and (10, 4), what is the length of the segment?",math,8,math,1,The answer is incorrect and doesn't provide the correct calculation for the length of the line.,,,
71,Can you help me write a formal email to a potential business partner proposing a joint venture?,writing,"I can help you with that, but first tell me more about the project.",writing,4,The answer acknowledges the request but doesn't provide a draft or template for the email.,,,
72,"Can you help me write a resignation letter to my current employer, while leaving on good terms and expressing gratitude for the opportunities provided?",writing,I am happy to assist you in this matter. Please provide me with some details about your current job.,writing,4,The answer acknowledges the request but doesn't provide a draft or template for the resignation letter.,,,
73,Use an appropriate format to structure a formal letter of recommendation for a student applying to a prestigious graduate program in computer science.,writing,"I am sorry, but I do not understand the question. Please rephrase it using more specific language.",writing,1,The answer doesn't address the question and doesn't provide any useful information.,,,
74,Write a compelling product launch announcement email to inform our customers of our new software solution.,writing,What do you want me to say in the email?,writing,2,The answer doesn't provide a draft or template for the product launch announcement email.,,,
75,"Draft an apology email to a customer who experienced a delay in their order, and provide reassurance that the issue has been resolved.",writing,What should I write in the email?,writing,2,The answer doesn't provide a draft or template for the apology email.,,,
76,Write a script for a YouTube video exploring the history and cultural significance of jazz.,writing,What should I write in the script?,writing,2,The answer doesn't provide a draft or template for the YouTube video script.,,,
77,"Compose an engaging travel blog post about a recent trip to Hawaii, highlighting cultural experiences and must-see attractions.",writing,What are the main highlights of the trip?,writing,2,The answer doesn't provide a draft or template for the travel blog post.,,,
78,"Write a captivating movie review for a recently released science fiction film, discussing its plot, characters, and special effects.",writing,What was the best part of the movie?,writing,2,The answer doesn't provide a draft or template for the movie review.,,,
79,Structure a podcast script for an episode discussing the influence of streaming platforms on the music industry.,writing,"Okay, I will start by asking what topic do you want to discuss?",writing,2,The answer doesn't provide a draft or template for the podcast script.,,,
80,"Write a symphony concert review, discussing the orchestra's performance and overall audience experience.",writing,"Okay, let me ask some more questions about this topic. What was the most memorable part of the concert? How did the conductor conduct the orchestra? Did they play well together? Did the musicians have good chemistry?",writing,3,The answer asks relevant questions but doesn't provide a draft or template for the symphony concert review.,,,
,,,,,408,,,,