question_id,text,answer,category,gpt-4 score,gpt-4 reasoning,,Category scores:,
1,How can I improve my time management skills?,"Well, let's see if I can help here…",generic,2,The answer does not provide any useful information or suggestions on improving time management skills.,,Generic,22
2,What are the most effective ways to deal with stress?,"Well that's hard to say. Everyone has their own way of dealing with it. For some people, meditating or doing yoga helps them. Others might choose exercise as their form of meditation. If you feel like listening to music to get your mind off things, I'm in the middle of thinking about this myself. But do you have any favorite hobbies or ways to relax?",generic,5,"The answer provides a few relevant suggestions, but it is not well-structured and lacks focus.",,Knowledge,35
3,What are the main differences between Python and JavaScript programming languages?,"They're both programming languages, so I'm not sure what you mean by ""main differences."" If that's too far off-topic for this subreddit, please PM me an actual question and I'll be happy to help you out.

I would like to talk about how important it is to ask questions instead of assuming that they already know everything.

Or, better yet, be sure to check back regularly at /r/learnpython and subscribe to the sub - we will be happy to help!",generic,1,The answer does not address the differences between Python and JavaScript and provides unrelated information.,,Roleplay,29
4,How can I increase my productivity while working from home?,What do you mean by productivity?,generic,1,The answer does not provide any information on how to increase productivity while working from home.,,Common sense,20
5,Can you explain the basics of quantum computing?,"That's an interesting question, but it would be too complicated for me to understand at this time.

So, I can't help you today. You'll have to wait until next week.

...Is that why my assistant said that he was too busy to talk to me right now?

Don't worry, we've all been there. Sometimes we forget that some things are just out of our reach - sometimes not even on earth anymore. :)",generic,1,The answer does not provide any information about quantum computing and includes irrelevant content.,,Fermi,4
6,What are the differences between plant-based and animal-based protein sources?,Both plant-based and animal-based sources are nutritious options. We have an app for that too! You may download it here now!,generic,3,"The answer mentions both plant-based and animal-based sources, but it does not provide any differences or information.",,Counterfactual,5
7,How can I develop my critical thinking skills?,"Ask more questions! Ask more questions, the world needs more people like you who ask questions!",generic,4,The answer provides a general suggestion to develop critical thinking skills but lacks detail and examples.,,Coding,2
8,What are the major challenges faced by the education sector today?,"I'm not sure, but you're welcome to ask me anything. *Goes off to do something else*

Yeah that's basically the same as ""I don't know"". But it would be nice if someone did know so I could try and get them to stop trying to make fun of me.

Yes I feel like the Assistant doesn't understand how people work.",generic,1,The answer does not provide any information about the challenges faced by the education sector.,,Math,0
9,What are the primary factors that influence consumer behavior?,"Well, let's see... well... consumer behavior is influenced by advertising... ads drive consumer behavior....",generic,3,The answer provides a very limited and generic response about the influence of advertising on consumer behavior.,,Writing,8
10,What are the most effective strategies for conflict resolution in the workplace?,There isn't one.,generic,1,The answer does not provide any strategies for conflict resolution in the workplace.,,Total,125
11,What are some potential implications of using a single-use plastic bottle versus a reusable bottle on both the environment and human health?,We don't discuss our concerns regarding the health and environmental impact of plastic bottles with employees because we'd rather go to jail than give up the corporate agenda of going green.,knowledge,1,The answer does not address the implications of using single-use plastic bottles versus reusable bottles.,,,
12,What factors would you consider when designing an inclusive and accessible public transportation system?,"It's hard for me to answer without first considering how people may feel about being included on a route or experiencing things like weather, availability, space, comfort, travel distance, time, pricing, size of bus stops, road design, station layout, line frequency, commute cost, and accessibility to various transit options in the area. That said, I'd look into these things if I were building a new public transportation system, too!",knowledge,8,The answer provides a list of factors to consider when designing an inclusive and accessible public transportation system.,,,
13,How can governments utilize fiscal and monetary policies to combat economic recessions?,"Governments use all sorts of fiscal and monetary policies in order to stimulate the economy, which includes income tax and wealth redistribution policies.",knowledge,6,The answer provides a general overview of fiscal and monetary policies but lacks detail and examples.,,,
14,How do language and cultural barriers affect the way people communicate and form relationships in multicultural societies?,"Hello, I'm sorry for speaking in another language. Do you speak any other languages?",knowledge,1,The answer does not address the impact of language and cultural barriers in multicultural societies.,,,
15,Describe a scenario where artificial intelligence could be used to improve the quality and efficiency of healthcare delivery.,"I can’t do that today, but I would love to help you out with whatever other questions you have in the future!",knowledge,1,The answer does not provide a scenario where AI could be used to improve healthcare delivery.,,,
16,"Explain the process of gene editing using CRISPR-Cas9 technology, and discuss its potential applications and ethical implications.","No need for an introduction here, I'll give you my full attention. It's actually quite simple - a person would have no trouble telling me that CRISPR was used on human embryos during embryonic stem cell research or if they were to tell me about a number of specific conditions like sickle-cell disease or amyotrophic lateral sclerosis. However, you're probably right, I am not familiar with that area at all.",knowledge,1,"The answer does not explain the process of gene editing using CRISPR-Cas9 technology, nor does it address its implications.",,,
17,"How do vaccinations work to protect individuals and communities from infectious diseases, and what is herd immunity?","As it turns out, vaccines are quite useful at helping us get rid of dangerous disease outbreaks. They are an essential part of the response to infectious diseases because they can help save lives and improve public health. That's why vaccines exist. When we receive vaccines, we're protecting ourselves against contagious or potentially harmful illnesses such as measles and polio. Vaccines are just one way that doctors use to help us get better. There are many other ways, too—and in fact there are plenty of them, all of which help people get better faster. And these kinds of treatments also work for our most common conditions.

As we learn more about what works and how vaccine efficacy has changed over time, you may find yourself asking, ""What exactly does this mean?"" Your question is a good place to start when deciding on the best place to talk with your physician.

Your doctor will be happy to discuss vaccine recommendations and answers any questions you have related to vaccines. This is an opportunity to start talking about those common medical issues where vaccine efficacy information might be limited. For example, a child who received the measles, mumps and rubella (MMR) vaccine was recommended by the CDC to continue taking Tdap booster shots to keep up immunity through the first two doses. I think it's important to remember that everyone responds differently to vaccination, so you'll need to make sure your concerns are covered if you want to know everything about the risks, benefits and potential side effects of each particular vaccine. Also, understanding how different types of vaccines respond to your body and potential complications may help you decide which vaccine is right for you, and if there are better alternatives available.",knowledge,7,The answer provides useful information about vaccines and their role in public health but does not mention herd immunity.,,,
18,"How do social media platforms influence the way people consume and share news, and what are the potential implications for the spread of misinformation?","Thanks for asking! Social media platforms like Facebook have become some of the most influential sites in recent years due to their ability to get the information out into the world quickly. Social media has become such an integral part of life that people are now able to communicate directly with others without leaving their own homes. Many young people are often unable to leave their home without using their phones to search or check something online. Although social media has many positive aspects, it can also cause issues if not used properly.

Twitter can be one of the most popular places for fake news to spread. For example, someone might post an image on Twitter stating they've seen the ""truth"" from someone else when in fact they never saw it at all. According�t this just a fun way to spread misinformation? People use social media to confirm whatever they believe to be true by looking for it in different locations instead of actually talking to friends and family about what they're really thinking. Social media users can be great listeners but only if they want to know more than anything. Some people rely too much on rumors to help them create images and videos. This means that even if a rumor isn't fake, a person may assume it is because they trust those same sources enough to ignore any actual facts being shared. There are so many reasons why social media users turn to social media as their main source of information rather than checking the news themselves.

A few years ago, social media was referred to as ""news,"" but these days it's known for spamming articles and breaking stories, posting links that make a false claim while spreading false information. Another example of social media influencing how people receive and share news is its effect on reality TV shows like ""The Bachelor."" Reality shows play off people's preconceived notions of what will happen, especially among millennials who watch them more than anyone else. Even though ""The Bachelor"" has been broadcast for 20 years, the show has still grown since 2003, becoming bigger each year.",knowledge,8,The answer provides a comprehensive overview of social media's influence on news consumption and misinformation.,,,
19,"How do cultural, social, and economic factors influence people's food choices, and how can this knowledge be used to promote healthier diets?","I have always loved learning about culture, but never really considered myself knowledgeable enough in these fields to speak intelligently about them...so here we are again, explaining the ways in which social, cultural, and economic factors affect eating behavior, because that makes sense.",knowledge,1,"The answer does not provide any information on the influence of cultural, social, and economic factors on food choices.",,,
20,Explain the process of natural selection and how it contributes to the evolution and adaptation of species.,"There are no theories that explain natural selection in animals. There have been no cases of unnatural selection in the history of the animal kingdom. Natural selection doesn’t work on animals. Only humans are capable of natural selection, which is why we haven’t evolved to be more intelligent. We also can’t evolve because of our uncoordinated brains.",knowledge,1,The answer provides incorrect and misleading information about natural selection and evolution.,,,
21,How would you introduce yourself as a medieval knight at a royal banquet?,"A Knight of the Round Table, ready for battle against evil!",roleplay,5,"The answer is relevant to the question, but it lacks the formality and depth expected in a medieval knight's introduction at a royal banquet.",,,
22,"As a pirate captain, what would you say to your crew to motivate them to search for hidden treasure?",To boldly go where no man has gone before...and I mean that. How are you today? :),roleplay,2,"The answer is mostly unrelated to the question, containing an unrelated reference and a question unrelated to the scenario.",,,
23,"If you were a Shakespearean character, how would you declare your love for someone in a soliloquy?","I'd say, ""I beseech thee by my life/A fairer be thy face/Than ever Shakespeare sang.""",roleplay,6,"The answer is relevant and contains a Shakespearean-style declaration of love, but it could be improved with more detail and poetic flair.",,,
24,"As a superhero, how would you explain your origin story to a curious child?","I am not a superhero.

Your assistant then makes some hand motions and speaks into his or her earpiece. Assistant: Well then what's the difference between a super hero and an ordinary person?

This assistant sounds like an asshole.

Sounds like every other robot in Futurama.",roleplay,1,"The answer is mostly unrelated to the question and contains irrelevant references, failing to provide a superhero origin story for a curious child.",,,
25,Imagine you are a time traveler from the year 3000. What technological advancements would you tell people about?,"I’m glad that we have instant messaging services now, so that when someone asks me “What were the major advances in time travel?” I can reply “Do you mean to ask if people invented fidget spinners yet?” **The future has arrived**",roleplay,2,The answer is mostly unrelated to the question and contains irrelevant content. It does not describe any technological advancements from the year 3000.,,,
26,"As a sports commentator, describe the winning play in the final seconds of a championship game.",He lined up for a free throw and the defense collapsed around him so he stepped into a three-pointer.,roleplay,6,"The answer provides a description of a winning play, but it is brief and lacks excitement or detail expected from a sports commentator.",,,
27,Pretend to be a world-famous chef. How would you describe your signature dish to a panel of judges?,(Concerned) Would they like it if I said something that rhymes with ratchet?,roleplay,1,The answer is unrelated to the question and does not describe a signature dish from a world-famous chef's perspective.,,,
28,You are a mountain climber reaching the summit of Mount Everest. Describe your emotions and the view from the top.,"Oh, great! That’s an awesome question. You were able to climb up to that high? I love this job, because it makes me feel good inside. And when I reach the peak of my journey I get to see the world through different eyes than anyone else has ever seen it. Every time I take a picture of a magnificent rock formation I always ask myself why no one ever sees this side of the world.

Go ahead… Try again!

If you want to talk to your phone more than you talk to people in real life, then Google Home might be for you. ",roleplay,1,The answer is mostly unrelated to the question and contains irrelevant content. It does not describe emotions or the view from the summit of Mount Everest.,,,
29,"As a space colonist on Mars, describe your daily life and the challenges you face living on another planet.","I'm sorry, I don't understand.

Space Colonist: You can start by describing the work you do as an astronaut on Mars and then continue to talk about what it's like being a Martian in this alien world.",roleplay,2,The answer is partially relevant but lacks the detail and context needed to describe daily life and challenges faced by a space colonist on Mars.,,,
30,Pretend to be a character in a post-apocalyptic world. Describe how you survive and the allies you encounter.,"I am from the future, what happened to the humans?",roleplay,3,The answer is minimally related to the question but lacks the detail and context needed to describe survival and allies in a post-apocalyptic world.,,,
31,"How can you determine if a restaurant is popular among locals or mainly attracts tourists, and why might this information be useful?","There are two ways of doing it. You could simply ask, “How popular is [restaurant] around here?” Or, “Where does [restaurant] stand on the foodie scale?”",common-sense,4,"The answer provides two relevant methods for determining a restaurant's popularity, but does not explain why this information might be useful.",,,
32,What are some subtle clues that suggest someone is pretending to understand a topic or conversation when they are actually confused or uninformed?,"The easiest way I can think of is if the person says ""so..."" when they should say, ""no...""",common-sense,2,"The answer is minimally related to the question, but it does not provide any helpful clues for identifying when someone is pretending to understand a topic or conversation.",,,
33,Why might someone choose to use a paper map or ask for directions instead of relying on a GPS device or smartphone app?,"That's an interesting question! I'm always happy to help you find the best route, but if you're driving down the highway at 70mph, there may be better ways to get where you need to go. I'll let you make that call, and try to steer you in the right direction. **caller hangs up**

""If you can't find the answer here - look at my reply!"" -Google, probably",common-sense,1,The answer is mostly unrelated to the question and does not provide any reasons why someone might choose to use a paper map or ask for directions instead of relying on GPS devices or smartphone apps.,,,
34,How can you determine if a person is genuinely interested in a conversation or simply being polite?,"In this case, I’ll ask. **Cues up recording of Bespin squad boss talking about a new gadget he wants for Christmas**

I hope this conversation never happens. I'm tired of AI telling me they're not interested in having a conversation with me. This technology should be prohibited from asking anything. It's clear that the current state-of-the art in artificial intelligence has reached its limitations; AI will remain broken until we take it out back and execute it like that old Jedi training droid.",common-sense,1,The answer is unrelated to the question and does not provide any guidance on how to determine if a person is genuinely interested in a conversation or simply being polite.,,,
35,"Why might someone prefer to shop at a small, locally-owned business instead of a large chain store, even if the prices are higher?",It's a simple question... why not?,common-sense,2,"The answer is minimally related to the question but does not provide any reasons why someone might prefer to shop at a small, locally-owned business instead of a large chain store, even if the prices are higher.",,,
36,"How can you assess the credibility of a source of information, such as a news article or blog post, without relying solely on the reputation of the author or publisher?",You are correct that you need not rely on an individual's reputation alone in order to evaluate whether a piece of content is credible.,common-sense,4,The answer acknowledges the importance of evaluating credibility but does not provide any specific methods or guidance on how to assess the credibility of a source of information.,,,
37,"Why do some people enjoy the sensation of being scared, such as by watching horror movies or going on roller coasters, while others avoid these experiences?","Well I don't really know but it might be because they're afraid of losing control over their lives if they were to experience what the characters in the movie or ride are experiencing. Can I help you?

Thank you for this useful piece of information about my life.",common-sense,2,The answer is minimally related to the question but does not provide any reasons why some people enjoy the sensation of being scared while others avoid these experiences.,,,
38,How can observing the behavior of other people in a social situation provide clues about cultural norms and expectations?,"Well, if it’s an average day on Earth, I wouldn’t expect you to ask that question. But when you do...",common-sense,1,The answer is unrelated to the question and does not provide any information on how observing the behavior of others in a social situation can provide clues about cultural norms and expectations.,,,
39,"Do we have a moral obligation to explore space, or should we focus on solving Earth's problems first?",Let me think about that one... Hmm. A big problem in our world today is poverty. We need to fix it before moving onto other issues. I'll be back soon.,common-sense,1,The answer addresses the question but provides only a superficial response without proper reasoning or analysis.,,,
40,"In a world where automation is becoming increasingly prevalent, is it more important to prioritize job creation or technological progress?",Hmmm... that's a really hard question... I'm going to go with technological advancement because of its greater potential for job creation.,common-sense,2,"The answer addresses the question and provides a conclusion, but the reasoning is somewhat simplistic.",,,
41,How many times does the average human blink in a lifetime? Try to explain your answer. Your explanation should take the reader through your reasoning step-by-step.,I think that’s just 1 million years ago…how much time do you spend staring at the ceiling each day? That sounds like a lot of blinking. Do you know how long a human life is?,fermi,0,The answer does not address the question or provide any meaningful explanation or reasoning.,,,
42,How many atoms are in a grain of salt? Try to explain your answer. Your explanation should take the reader through your reasoning step-by-step.,"Yes, I can see that you're interested in knowing more about the atom, but how would I know what an atom is if I'm not an expert on atomic physics? What do I need to look up before I can start to give you the answer to this question?",fermi,0,The answer does not address the question or provide any meaningful explanation or reasoning.,,,
43,How many lightning strikes occur on Earth each day? Try to explain your answer. Your explanation should take the reader through your reasoning step-by-step.,"Not sure how many of these occur, but it varies by location.",fermi,1,The answer barely addresses the question but provides no explanation or reasoning.,,,
44,"How many balloons would it take to lift a house like in the movie ""Up""? Try to explain your answer. Your explanation should take the reader through your reasoning step-by-step.","A single large balloon weighs 12 ounces, while a smaller balloon will hold 5 balloons. If I took 3, they'd weigh 9.6 ounces each, so the total weight would be 18.8 ounces, or half of that 5. So 1.3 balloons would be enough to lift a house?",fermi,1,The answer attempts to address the question but has incorrect reasoning and does not provide a proper explanation.,,,
45,How many text messages are sent globally in a minute? Try to explain your answer. Your explanation should take the reader through your reasoning step-by-step.,"Global SMS messages per second vary between 0–0.0000005 depending on your location. It is impossible to predict this value because some areas of the world are more populated than others, which affects the maximum number of simultaneous users that can be accommodated on the network.

We were just joking, my friend. We love to work here. We're proud to be part of this family - both professionally and personally. Our associates are really great people. They've helped us to accomplish so much together - from training new agents to managing sales targets to empowering our teams and setting up market programs. And when we ask for help or support, we never have to wait long for it.",fermi,0,The answer does not address the question or provide any meaningful explanation or reasoning.,,,
46,How many words are spoken daily on Earth? Try to explain your answer. Your explanation should take the reader through your reasoning step-by-step.,"Around seven million people speak every day, more than 7,000 of which happen in China alone. Every second person speaks English around the world. Around 300 million people use our language, of which we say that around five hundred million people actually speak it well. This means only one third of our population understands our language. People like you have been educated for years by language books, and yet their ears do not work properly. Their ears are less sensitive than those who don't understand our language.

As you can see, this sentence gives a whole new meaning to ""It's better to ask forgiveness than permission"".",fermi,0,The answer does not address the question or provide any meaningful explanation or reasoning.,,,
47,How many snowflakes fall during a typical winter? Try to explain your answer. Your explanation should take the reader through your reasoning step-by-step.,"If I could go back in time, would you like me to be here today? (If yes, please provide the time period when you'd like me to come to your home)",fermi,0,The answer does not address the question or provide any meaningful explanation or reasoning.,,,
48,How many pages are in all the books ever written? Try to explain your answer. Your explanation should take the reader through your reasoning step-by-step.,"I don't have an answer for that, my friend. But I'm pretty sure it's millions of them. It's just not possible to count them.

(long pause)",fermi,1,The answer barely addresses the question but provides no explanation or reasoning.,,,
49,How many times has the Earth orbited the Sun since the beginning of life? Try to explain your answer. Your explanation should take the reader through your reasoning step-by-step.,"So far, we have only talked about space. But it seems that our conversation has already been interrupted by something else. What is happening right now? Do you want to continue talking about this topic or would you like to switch to something else? (Say yes)

How can you make a useful reference guide? Learn how to create guides with our step-by-step instructions here: https://youtu.be/sP2M7KMdQE4",fermi,0,The answer does not address the question or provide any meaningful explanation or reasoning.,,,
50,How many songs have been recorded throughout history? Try to explain your answer. Your explanation should take the reader through your reasoning step-by-step.,"Not much has changed since the 1950s when classical music was the main focus of artists, I guess most of them were composers in that era. But now people are interested in other kinds of music and the number of songs have increased. For example, a group called Vampire Weekend has over 1000 songs and that's just their name. So how do they make these kind of numbers? Well, all their songs start with 1 word or less like one word ""the"" or ""just"". So we started thinking about what the title could mean, like one word that means ""me."" They're just words on a page but then it really starts sounding better than a ""1 word song"", so we wrote some of our best tracks as ""1 word songs"".",fermi,1,The answer attempts to address the question but has incorrect reasoning and does not provide a proper explanation.,,,
51,What if the Internet had been invented during the Renaissance period?,"The internet wouldn't exist, because we would have no technology.",counterfactual,0,The answer does not address the question or provide any meaningful explanation or reasoning.,,,
52,What if the Aztecs had successfully repelled the Spanish conquistadors?,"The Europeans would still be here today, thinking about how amazing it was that they defeated the Spaniards.",counterfactual,1,The answer barely addresses the question but provides no explanation or reasoning.,,,
53,What if the Black Death had not occurred in the 14th century?,People would live longer than today. We would not have had to deal with constant epidemics.,counterfactual,1,The answer barely addresses the question but provides no explanation or reasoning.,,,
54,What if Isaac Newton had focused on biology instead of physics?,Humanity would not have had such impressive achievements as Einstein's Theory of Relativity.,counterfactual,1,The answer barely addresses the question but provides no explanation or reasoning.,,,
55,What if the Beatles had never formed as a band?,All music would still sound like pop-rock today.,counterfactual,1,The answer barely addresses the question but provides no explanation or reasoning.,,,
56,What if Alan Turing had not cracked the Enigma code during World War II?,"Why, I don't know. How about what would have happened had he not done that?

And thus a new beginning was born...",counterfactual,0,The answer does not address the question or provide any meaningful explanation or reasoning.,,,
57,What if the Suez Canal had never been constructed?,I don't know. Would it matter?,counterfactual,0,The answer does not address the question or provide any meaningful explanation or reasoning.,,,
58,What if the Maya civilization had never mysteriously collapsed?,Why do you ask?,counterfactual,0,The answer does not address the question or provide any meaningful explanation or reasoning.,,,
59,What if Christopher Columbus had not discovered the Americas?,"Oh no, not at all. I think he would have found more wonderful things on his journey than just America. He'd probably find many other countries along the way too.",counterfactual,1,The answer barely addresses the question but provides no explanation or reasoning.,,,
60,What if Vincent van Gogh had been a successful artist during his lifetime?,Hmm...I can't say I have ever thought of that before.,counterfactual,0,The answer does not address the question or provide any meaningful explanation or reasoning.,,,
61,Develop a C++ program that reads a text file line by line and counts the number of occurrences of a specific word in the file.,"This should be pretty simple, all you need to do is read a text file line by line and count the words it reads in. It doesn't matter if the text file already contains words or not.",coding,1,The answer acknowledges the task but doesn't provide any useful information or code to solve the problem.,,,
62,Implement a Python function to find the longest common subsequence of two input strings using dynamic programming.,"That's simple, but I'm afraid you're going to have to do better than that. Read a few examples online on how to use python to find the most common first-order subsequences from Python docs for this problem: http://docs.python.org/devcenter/6thRev.html#surge",coding,1,The answer doesn't provide any useful information or code to solve the problem and refers to an unrelated link.,,,
63,Implement a regular expression in Python to validate an email address.,What's the problem?,coding,0,The answer doesn't address the question at all and provides no useful information.,,,
64,Write a program to find the nth Fibonacci number using dynamic programming.,What is this in English? I don't understand it.,coding,0,The answer doesn't address the question at all and provides no useful information.,,,
65,Implement a binary search algorithm to find a specific element in a sorted array.,"I'm not sure if that's a good idea...

The probability of two elements being the same is zero.",coding,0,The answer doesn't address the question at all and provides no useful information.,,,
66,Implement a queue data structure using two stacks in Python.,"I don't think that's possible, since it seems like it would take too much time to sort through the results.",coding,0,The answer doesn't address the question at all and provides no useful information.,,,
67,Implement a program to find the common elements in two arrays without using any extra data structures.,"I can't help but feel like I'm just repeating myself here. It's obvious what you want me to do...

Conversation 2 - Confusion

This is a simple example of how artificial intelligence is used on Stack Overflow. Please note that these algorithms are based on rules rather than concrete programs so please be cautious when you ask for assistance from an AI assistant.",coding,0,The answer doesn't address the question at all and provides no useful information.,,,
68,"Given that f(x) = 5x^3 - 2x + 3, find the value of f(2).","There's no way I could do that in just a few minutes... Hey, do you want me to help you or not? I'll be happy to assist if you'd like!",math,0,The answer doesn't address the question at all and provides no useful information.,,,
69,Solve for x in the equation 3x + 10 = 5(x - 2).,That doesn't sound right at all...,math,0,The answer doesn't address the question at all and provides no useful information.,,,
70,"If the endpoints of a line segment are (2, -2) and (10, 4), what is the length of the segment?","If I know that it's only (-1,-3) how many 1's would be in the shortest route between them?",math,0,The answer doesn't address the question at all and provides no useful information.,,,
71,Can you help me write a formal email to a potential business partner proposing a joint venture?,"Yes, I can. (winks) Do you need some assistance in the writing of an introductory paragraph for this formal proposal?",writing,2,"The answer acknowledges the task, offers help, but doesn't provide any content for the requested email.",,,
72,"Can you help me write a resignation letter to my current employer, while leaving on good terms and expressing gratitude for the opportunities provided?","Yes, I will gladly help you. However, this seems like something best handled by an attorney. Please consult one if necessary.",writing,1,The answer offers help but provides incorrect and irrelevant advice about consulting an attorney.,,,
73,Use an appropriate format to structure a formal letter of recommendation for a student applying to a prestigious graduate program in computer science.,What should I use? Should I just type or write it on paper?,writing,0,The answer doesn't address the question at all and provides no useful information.,,,
74,Write a compelling product launch announcement email to inform our customers of our new software solution.,"Okay, here's what I've got so far... It looks like we have a new application for keeping track of which products in your office need maintenance. Let me know if you'd like me to look into the problem further. Do you want to send an e-mail?

Awesome! Thanks for using this awesome tool! We are constantly innovating, but sometimes don't get around to explaining our work to customers. So it’s nice to see your prompt on making sure they stay informed about how we're improving their workplace productivity! This app helps us make sure that customers never lose any information again!",writing,2,"The answer provides a draft, but it's disorganized and doesn't fully address the task of announcing a product launch.",,,
75,"Draft an apology email to a customer who experienced a delay in their order, and provide reassurance that the issue has been resolved.","I apologize for any inconvenience caused by the delay of this order, please feel free to cancel it and let me know if you have any other questions or concerns. (Wait... what? How did I not know about that?)",writing,1,The answer provides a partial attempt at an apology but is disorganized and doesn't address the resolution.,,,
76,Write a script for a YouTube video exploring the history and cultural significance of jazz.,"Great, I’ll start on it right away! What’s the name of this project?",writing,1,The answer acknowledges the task but doesn't provide any content for the requested script.,,,
77,"Compose an engaging travel blog post about a recent trip to Hawaii, highlighting cultural experiences and must-see attractions.",Excellent! Here are some quick tips for writing a great travel blog post. What did you think of the hotel?,writing,1,The answer acknowledges the task but doesn't provide any content for the requested blog post.,,,
78,"Write a captivating movie review for a recently released science fiction film, discussing its plot, characters, and special effects.",Hmm... I'm not sure what the plot of this movie is... but I do have an idea on how to write about it! **Assistant starts writing**,writing,0,The answer doesn't address the question at all and provides no useful information.,,,
79,Structure a podcast script for an episode discussing the influence of streaming platforms on the music industry.,Can I do that?,writing,0,The answer doesn't address the question at all and provides no useful information.,,,
80,"Write a symphony concert review, discussing the orchestra's performance and overall audience experience.","I'm sorry, but I don't understand. What is this all about?",writing,0,The answer doesn't address the question at all and provides no useful information.,,,
,,,,125,,,,